country,BL,INT
Cameroon,0.434482759,0.00945578231
Cote d'Ivoire,0.680311891,0.00849963583
DRC,0.884615385,0.00913288288
Kenya,0.63878327,0.00928199792
Lesotho,0.32748538,0.00833017078
Malawi,0.933554817,0.00988679245
Uganda,0.736842105,0.0095256917
Zimbabwe,0.727272727,0.00868258179
