qty,age,median Rhat,min Rhat,max Rhat,median ESS,min ESS,max ESS
px,0-14,1.000529,0.999029,1.008436,895,231,2835
px,0-4,1.000595,0.9990083,1.010071,1244,221,2976
px,5-14,1.000209,0.9990047,1.01092,1184,238,2324
tx,0-14,1.000044,0.9990136,1.005354,1932,380,5641
tx,0-4,1.000154,0.9990286,1.008828,1469,260,3343
tx,5-14,1.000001,0.9990219,1.00625,1775,278,4116
